# {"t_start": 1566876493.4478388, "env_id": "doorenv-v0"} 
r,l,t
-6862.319098,512,9.899388
