# {"t_start": 1566876493.3523326, "env_id": "doorenv-v0"} 
r,l,t
-6517.063856,512,9.994874
