# {"t_start": 1566876493.27506, "env_id": "doorenv-v0"} 
r,l,t
-6429.669166,512,10.075922
