# {"t_start": 1566876493.421577, "env_id": "doorenv-v0"} 
r,l,t
-6710.901731,512,9.926566
