# {"t_start": 1566876493.3966482, "env_id": "doorenv-v0"} 
r,l,t
-6310.460593,512,9.950686
