# {"t_start": 1566876493.4084575, "env_id": "doorenv-v0"} 
r,l,t
-6732.904128,512,9.945032
