# {"t_start": 1566876493.4270906, "env_id": "doorenv-v0"} 
r,l,t
-6802.593051,512,9.927404
