# {"t_start": 1566876493.457821, "env_id": "doorenv-v0"} 
r,l,t
-4954.289344,512,9.894509
