{
    "parameters": {
        "shaft_height": 15.6672562,
        "bottom_curve_height": 5.574191600000001,
        "top_curve_height": 7.239523400000001,
        "knob_radius": 36.0161797,
        "curve_sink": 7.462226200000001,
        "middle_curve_height": 14.660453799999999
    },
    "version": 2,
    "bounding_box": [
        {
            "max": [
                36.03898893012817,
                36.09722992136401,
                43.16142500000006
            ],
            "min": [
                -36.14925903892738,
                -36.19506732290772,
                -0.010000000000001603
            ]
        }
    ],
    "model_names": [
        "body_1",
        "body_2"
    ],
    "model_count": 2
}